{
  "attribute_features": [
    "Acc",
    "Wor",
    "Vis",
    "Thr",
    "Tec",
    "Tea",
    "Tck",
    "Str",
    "Sta",
    "TRO",
    "Ref",
    "Pun",
    "Pos",
    "Pen",
    "Pas",
    "Pac",
    "1v1",
    "OtB",
    "Nat",
    "Mar",
    "L Th",
    "Lon",
    "Ldr",
    "Kic",
    "Jum",
    "Hea",
    "Han",
    "Fre",
    "Fla",
    "Fir",
    "Fin",
    "Ecc",
    "Dri",
    "Det",
    "Dec",
    "Cro",
    "Cor",
    "Cnt",
    "Cmp",
    "Com",
    "Cmd",
    "Bra",
    "Bal",
    "Ant",
    "Agi",
    "Agg",
    "Aer"
  ],
  "minmax_scaler": {
    "min_": [
      -0.05555555555555555,
      -0.05555555555555555,
      -0.05263157894736842,
      -0.05263157894736842,
      -0.05263157894736842,
      -0.05263157894736842,
      -0.05555555555555555,
      -0.058823529411764705,
      -0.05263157894736842,
      -0.05263157894736842,
      -0.0625,
      -0.05555555555555555,
      -0.05555555555555555,
      -0.0625,
      -0.05263157894736842,
      -0.11764705882352941,
      -0.05263157894736842,
      -0.05263157894736842,
      -0.1764705882352941,
      -0.058823529411764705,
      -0.05263157894736842,
      -0.05555555555555555,
      -0.05263157894736842,
      -0.058823529411764705,
      -0.05263157894736842,
      -0.058823529411764705,
      -0.0625,
      -0.05555555555555555,
      -0.05263157894736842,
      -0.05555555555555555,
      -0.05263157894736842,
      -0.05263157894736842,
      -0.058823529411764705,
      -0.05263157894736842,
      -0.1111111111111111,
      -0.05263157894736842,
      -0.058823529411764705,
      -0.05263157894736842,
      -0.05263157894736842,
      -0.0625,
      -0.058823529411764705,
      -0.05263157894736842,
      -0.1111111111111111,
      -0.05263157894736842,
      -0.1764705882352941,
      -0.05263157894736842,
      -0.05263157894736842
    ],
    "scale_": [
      0.05555555555555555,
      0.05555555555555555,
      0.05263157894736842,
      0.05263157894736842,
      0.05263157894736842,
      0.05263157894736842,
      0.05555555555555555,
      0.058823529411764705,
      0.05263157894736842,
      0.05263157894736842,
      0.0625,
      0.05555555555555555,
      0.05555555555555555,
      0.0625,
      0.05263157894736842,
      0.058823529411764705,
      0.05263157894736842,
      0.05263157894736842,
      0.058823529411764705,
      0.058823529411764705,
      0.05263157894736842,
      0.05555555555555555,
      0.05263157894736842,
      0.058823529411764705,
      0.05263157894736842,
      0.058823529411764705,
      0.0625,
      0.05555555555555555,
      0.05263157894736842,
      0.05555555555555555,
      0.05263157894736842,
      0.05263157894736842,
      0.058823529411764705,
      0.05263157894736842,
      0.05555555555555555,
      0.05263157894736842,
      0.058823529411764705,
      0.05263157894736842,
      0.05263157894736842,
      0.0625,
      0.058823529411764705,
      0.05263157894736842,
      0.05555555555555555,
      0.05263157894736842,
      0.058823529411764705,
      0.05263157894736842,
      0.05263157894736842
    ],
    "data_min_": [
      1.0,
      1.0,
      1.0,
      1.0,
      1.0,
      1.0,
      1.0,
      1.0,
      1.0,
      1.0,
      1.0,
      1.0,
      1.0,
      1.0,
      1.0,
      2.0,
      1.0,
      1.0,
      3.0,
      1.0,
      1.0,
      1.0,
      1.0,
      1.0,
      1.0,
      1.0,
      1.0,
      1.0,
      1.0,
      1.0,
      1.0,
      1.0,
      1.0,
      1.0,
      2.0,
      1.0,
      1.0,
      1.0,
      1.0,
      1.0,
      1.0,
      1.0,
      2.0,
      1.0,
      3.0,
      1.0,
      1.0
    ],
    "data_max_": [
      19.0,
      19.0,
      20.0,
      20.0,
      20.0,
      20.0,
      19.0,
      18.0,
      20.0,
      20.0,
      17.0,
      19.0,
      19.0,
      17.0,
      20.0,
      19.0,
      20.0,
      20.0,
      20.0,
      18.0,
      20.0,
      19.0,
      20.0,
      18.0,
      20.0,
      18.0,
      17.0,
      19.0,
      20.0,
      19.0,
      20.0,
      20.0,
      18.0,
      20.0,
      20.0,
      20.0,
      18.0,
      20.0,
      20.0,
      17.0,
      18.0,
      20.0,
      20.0,
      20.0,
      20.0,
      20.0,
      20.0
    ],
    "data_range_": [
      18.0,
      18.0,
      19.0,
      19.0,
      19.0,
      19.0,
      18.0,
      17.0,
      19.0,
      19.0,
      16.0,
      18.0,
      18.0,
      16.0,
      19.0,
      17.0,
      19.0,
      19.0,
      17.0,
      17.0,
      19.0,
      18.0,
      19.0,
      17.0,
      19.0,
      17.0,
      16.0,
      18.0,
      19.0,
      18.0,
      19.0,
      19.0,
      17.0,
      19.0,
      18.0,
      19.0,
      17.0,
      19.0,
      19.0,
      16.0,
      17.0,
      19.0,
      18.0,
      19.0,
      17.0,
      19.0,
      19.0
    ]
  }
}