{
  "min_": [
    0.0,
    0.0,
    0.0,
    0.0,
    0.0,
    0.0,
    0.0,
    0.0,
    0.0,
    0.0,
    0.0,
    0.0,
    0.0,
    0.0,
    0.0,
    0.0,
    0.0,
    0.0,
    0.0,
    0.0,
    0.0,
    0.0,
    0.0,
    0.0,
    0.0,
    0.0,
    0.0,
    0.0,
    0.0,
    0.0,
    0.0,
    0.0,
    0.0,
    0.0,
    0.0,
    0.0,
    0.0,
    0.0,
    0.0,
    0.0,
    0.0,
    0.0,
    0.0,
    0.0,
    0.0,
    0.0,
    0.0,
    0.0,
    0.0,
    0.0,
    0.0,
    0.0,
    0.0,
    0.0,
    0.0,
    0.0,
    0.0,
    0.0,
    0.0,
    0.0,
    0.0,
    0.0,
    0.0,
    0.0,
    0.0,
    0.0,
    0.0,
    0.0,
    0.0,
    0.0,
    0.0,
    0.0,
    0.0,
    0.0,
    0.0,
    0.0,
    0.0,
    0.0,
    0.0,
    0.0,
    0.0,
    0.0,
    0.0,
    0.0,
    0.0,
    0.0
  ],
  "scale_": [
    0.11627906976744186,
    0.025,
    0.41841004184100417,
    0.07142857142857142,
    0.041666666666666664,
    0.37735849056603776,
    0.027777777777777776,
    0.022222222222222223,
    0.0035587188612099642,
    0.06325110689437065,
    0.007407407407407408,
    0.12987012987012986,
    1.0,
    0.21645021645021645,
    0.05263157894736842,
    0.0286368843069874,
    0.44052863436123346,
    0.9615384615384615,
    0.05649717514124294,
    0.0286368843069874,
    0.44052863436123346,
    1.0,
    0.07692307692307693,
    0.09090909090909091,
    1.0,
    0.0002602811035918792,
    0.01381406271584473,
    0.000245398773006135,
    0.00980392156862745,
    1.0,
    0.002347417840375587,
    0.08733624454148473,
    0.00625,
    0.10559662090813093,
    0.047014574518100614,
    1.0204081632653061,
    0.044444444444444446,
    0.0049261083743842365,
    0.16339869281045752,
    0.0013709898546750755,
    0.008547008547008548,
    0.11198208286674133,
    0.0017094017094017094,
    0.026343519494204427,
    1.0,
    0.009259259259259259,
    0.18348623853211007,
    0.012195121951219513,
    0.17793594306049823,
    0.003076923076923077,
    0.10460251046025104,
    0.4366812227074236,
    0.004694835680751174,
    0.12315270935960593,
    0.0013986013986013986,
    0.05555555555555555,
    0.029411764705882353,
    0.01602820964898221,
    0.005714285714285714,
    0.08517887563884156,
    0.004608294930875576,
    1.0,
    0.04,
    0.3731343283582089,
    0.0031746031746031746,
    0.08665511265164645,
    0.00199203187250996,
    0.06666666666666667,
    1.0,
    0.07575757575757576,
    0.25,
    0.02,
    0.26666666666666666,
    0.0125,
    0.2,
    0.012195121951219513,
    0.07037297677691766,
    0.006289308176100629,
    0.15174506828528073,
    0.16666666666666666,
    0.02127659574468085,
    0.010638297872340425,
    0.006493506493506494,
    0.045454545454545456,
    0.125,
    0.047619047619047616
  ],
  "data_min_": [
    0.0,
    0.0,
    0.0,
    0.0,
    0.0,
    0.0,
    0.0,
    0.0,
    0.0,
    0.0,
    0.0,
    0.0,
    0.0,
    0.0,
    0.0,
    0.0,
    0.0,
    0.0,
    0.0,
    0.0,
    0.0,
    0.0,
    0.0,
    0.0,
    0.0,
    0.0,
    0.0,
    0.0,
    0.0,
    0.0,
    0.0,
    0.0,
    0.0,
    0.0,
    0.0,
    0.0,
    0.0,
    0.0,
    0.0,
    0.0,
    0.0,
    0.0,
    0.0,
    0.0,
    0.0,
    0.0,
    0.0,
    0.0,
    0.0,
    0.0,
    0.0,
    0.0,
    0.0,
    0.0,
    0.0,
    0.0,
    0.0,
    0.0,
    0.0,
    0.0,
    0.0,
    0.0,
    0.0,
    0.0,
    0.0,
    0.0,
    0.0,
    0.0,
    0.0,
    0.0,
    0.0,
    0.0,
    0.0,
    0.0,
    0.0,
    0.0,
    0.0,
    0.0,
    0.0,
    0.0,
    0.0,
    0.0,
    0.0,
    0.0,
    0.0,
    0.0
  ],
  "data_max_": [
    8.6,
    40.0,
    2.39,
    14.0,
    24.0,
    2.65,
    36.0,
    45.0,
    281.0,
    15.81,
    135.0,
    7.7,
    1.0,
    4.62,
    19.0,
    34.92,
    2.27,
    1.04,
    17.7,
    34.92,
    2.27,
    1.0,
    13.0,
    11.0,
    1.0,
    3842.0,
    72.39,
    4075.0,
    102.0,
    1.0,
    426.0,
    11.45,
    160.0,
    9.47,
    21.27,
    0.98,
    22.5,
    203.0,
    6.12,
    729.4,
    117.0,
    8.93,
    585.0,
    37.96,
    1.0,
    108.0,
    5.45,
    82.0,
    5.62,
    325.0,
    9.56,
    2.29,
    213.0,
    8.12,
    715.0,
    18.0,
    34.0,
    62.39,
    175.0,
    11.74,
    217.0,
    1.0,
    25.0,
    2.68,
    315.0,
    11.54,
    502.0,
    15.0,
    1.0,
    13.2,
    4.0,
    50.0,
    3.75,
    80.0,
    5.0,
    82.0,
    14.21,
    159.0,
    6.59,
    6.0,
    47.0,
    94.0,
    154.0,
    22.0,
    8.0,
    21.0
  ],
  "data_range_": [
    8.6,
    40.0,
    2.39,
    14.0,
    24.0,
    2.65,
    36.0,
    45.0,
    281.0,
    15.81,
    135.0,
    7.7,
    1.0,
    4.62,
    19.0,
    34.92,
    2.27,
    1.04,
    17.7,
    34.92,
    2.27,
    1.0,
    13.0,
    11.0,
    1.0,
    3842.0,
    72.39,
    4075.0,
    102.0,
    1.0,
    426.0,
    11.45,
    160.0,
    9.47,
    21.27,
    0.98,
    22.5,
    203.0,
    6.12,
    729.4,
    117.0,
    8.93,
    585.0,
    37.96,
    1.0,
    108.0,
    5.45,
    82.0,
    5.62,
    325.0,
    9.56,
    2.29,
    213.0,
    8.12,
    715.0,
    18.0,
    34.0,
    62.39,
    175.0,
    11.74,
    217.0,
    1.0,
    25.0,
    2.68,
    315.0,
    11.54,
    502.0,
    15.0,
    1.0,
    13.2,
    4.0,
    50.0,
    3.75,
    80.0,
    5.0,
    82.0,
    14.21,
    159.0,
    6.59,
    6.0,
    47.0,
    94.0,
    154.0,
    22.0,
    8.0,
    21.0
  ]
}