{
  "min_": [
    0.0,
    0.0,
    0.0,
    0.0,
    0.0,
    0.0,
    0.0,
    0.0,
    0.0,
    0.0,
    0.0,
    0.0,
    0.0,
    0.0,
    0.0,
    0.0,
    0.0
  ],
  "scale_": [
    0.11627906976744186,
    0.034482758620689655,
    0.5376344086021505,
    0.047619047619047616,
    0.020833333333333332,
    0.0072992700729927005,
    0.014705882352941176,
    0.5,
    0.010101010101010102,
    0.03624501631025734,
    0.33783783783783783,
    0.16666666666666666,
    0.07692307692307693,
    1.0,
    0.011627906976744186,
    0.19047619047619047,
    0.047619047619047616
  ],
  "data_min_": [
    0.0,
    0.0,
    0.0,
    0.0,
    0.0,
    0.0,
    0.0,
    0.0,
    0.0,
    0.0,
    0.0,
    0.0,
    0.0,
    0.0,
    0.0,
    0.0,
    0.0
  ],
  "data_max_": [
    8.6,
    29.0,
    1.86,
    21.0,
    48.0,
    137.0,
    68.0,
    2.0,
    99.0,
    27.59,
    2.96,
    6.0,
    13.0,
    1.0,
    86.0,
    5.25,
    21.0
  ],
  "data_range_": [
    8.6,
    29.0,
    1.86,
    21.0,
    48.0,
    137.0,
    68.0,
    2.0,
    99.0,
    27.59,
    2.96,
    6.0,
    13.0,
    1.0,
    86.0,
    5.25,
    21.0
  ]
}